{
  "service": {
    "service": "cicd-tdd",
    "serviceObject": {
      "name": "cicd-tdd"
    },
    "provider": {
      "stage": "dev",
      "region": "us-west-2",
      "variableSyntax": "\\${([ ~:a-zA-Z0-9._@'\",\\-\\/\\(\\)*]+?)}",
      "name": "aws",
      "runtime": "nodejs10.x",
      "apiName": "cicd-serverless",
      "deploymentBucket": "techsummit2019",
      "deploymentPrefix": "serverless2019",
      "versionFunctions": true,
      "remoteFunctionData": null,
      "compiledCloudFormationTemplate": {
        "AWSTemplateFormatVersion": "2010-09-09",
        "Description": "The AWS CloudFormation template for this Serverless application",
        "Resources": {
          "Cicd1LogGroup": {
            "Type": "AWS::Logs::LogGroup",
            "Properties": {
              "LogGroupName": "/aws/lambda/cicd-tdd-dev-cicd1"
            }
          },
          "IamRoleLambdaExecution": {
            "Type": "AWS::IAM::Role",
            "Properties": {
              "AssumeRolePolicyDocument": {
                "Version": "2012-10-17",
                "Statement": [
                  {
                    "Effect": "Allow",
                    "Principal": {
                      "Service": [
                        "lambda.amazonaws.com"
                      ]
                    },
                    "Action": [
                      "sts:AssumeRole"
                    ]
                  }
                ]
              },
              "Policies": [
                {
                  "PolicyName": {
                    "Fn::Join": [
                      "-",
                      [
                        "dev",
                        "cicd-tdd",
                        "lambda"
                      ]
                    ]
                  },
                  "PolicyDocument": {
                    "Version": "2012-10-17",
                    "Statement": [
                      {
                        "Effect": "Allow",
                        "Action": [
                          "logs:CreateLogStream"
                        ],
                        "Resource": [
                          {
                            "Fn::Sub": "arn:${AWS::Partition}:logs:${AWS::Region}:${AWS::AccountId}:log-group:/aws/lambda/cicd-tdd-dev-cicd1:*"
                          }
                        ]
                      },
                      {
                        "Effect": "Allow",
                        "Action": [
                          "logs:PutLogEvents"
                        ],
                        "Resource": [
                          {
                            "Fn::Sub": "arn:${AWS::Partition}:logs:${AWS::Region}:${AWS::AccountId}:log-group:/aws/lambda/cicd-tdd-dev-cicd1:*:*"
                          }
                        ]
                      }
                    ]
                  }
                }
              ],
              "Path": "/",
              "RoleName": {
                "Fn::Join": [
                  "-",
                  [
                    "cicd-tdd",
                    "dev",
                    {
                      "Ref": "AWS::Region"
                    },
                    "lambdaRole"
                  ]
                ]
              }
            }
          },
          "Cicd1LambdaFunction": {
            "Type": "AWS::Lambda::Function",
            "Properties": {
              "Code": {
                "S3Bucket": "techsummit2019",
                "S3Key": "serverless2019/cicd-tdd/dev/1562349654078-2019-07-05T18:00:54.078Z/cicd-tdd.zip"
              },
              "FunctionName": "cicd-tdd-dev-cicd1",
              "Handler": "handler.endpoint",
              "MemorySize": 1024,
              "Role": {
                "Fn::GetAtt": [
                  "IamRoleLambdaExecution",
                  "Arn"
                ]
              },
              "Runtime": "nodejs10.x",
              "Timeout": 6
            },
            "DependsOn": [
              "Cicd1LogGroup",
              "IamRoleLambdaExecution"
            ]
          },
          "Cicd1LambdaVersionusjx8V89r7LaPhJ1naQsREFZUgkGLKFNmPgSYKilHU": {
            "Type": "AWS::Lambda::Version",
            "DeletionPolicy": "Retain",
            "Properties": {
              "FunctionName": {
                "Ref": "Cicd1LambdaFunction"
              },
              "CodeSha256": "anwV2RIUpFAsy19o8iUsI17eKfzbOkBrRLM7tWFFXbI="
            }
          },
          "ApiGatewayRestApi": {
            "Type": "AWS::ApiGateway::RestApi",
            "Properties": {
              "Name": "cicd-serverless",
              "EndpointConfiguration": {
                "Types": [
                  "EDGE"
                ]
              }
            }
          },
          "ApiGatewayResourcePing": {
            "Type": "AWS::ApiGateway::Resource",
            "Properties": {
              "ParentId": {
                "Fn::GetAtt": [
                  "ApiGatewayRestApi",
                  "RootResourceId"
                ]
              },
              "PathPart": "ping",
              "RestApiId": {
                "Ref": "ApiGatewayRestApi"
              }
            }
          },
          "ApiGatewayMethodPingOptions": {
            "Type": "AWS::ApiGateway::Method",
            "Properties": {
              "AuthorizationType": "NONE",
              "HttpMethod": "OPTIONS",
              "MethodResponses": [
                {
                  "StatusCode": "200",
                  "ResponseParameters": {
                    "method.response.header.Access-Control-Allow-Origin": true,
                    "method.response.header.Access-Control-Allow-Headers": true,
                    "method.response.header.Access-Control-Allow-Methods": true,
                    "method.response.header.Access-Control-Allow-Credentials": true
                  },
                  "ResponseModels": {}
                }
              ],
              "RequestParameters": {},
              "Integration": {
                "Type": "MOCK",
                "RequestTemplates": {
                  "application/json": "{statusCode:200}"
                },
                "ContentHandling": "CONVERT_TO_TEXT",
                "IntegrationResponses": [
                  {
                    "StatusCode": "200",
                    "ResponseParameters": {
                      "method.response.header.Access-Control-Allow-Origin": "'*'",
                      "method.response.header.Access-Control-Allow-Headers": "'Content-Type,X-Amz-Date,Authorization,X-Api-Key,X-Amz-Security-Token,X-Amz-User-Agent'",
                      "method.response.header.Access-Control-Allow-Methods": "'OPTIONS,GET'",
                      "method.response.header.Access-Control-Allow-Credentials": "'false'"
                    },
                    "ResponseTemplates": {
                      "application/json": "#set($origin = $input.params(\"Origin\"))\n#if($origin == \"\") #set($origin = $input.params(\"origin\")) #end\n#if($origin.matches(\".*\")) #set($context.responseOverride.header.Access-Control-Allow-Origin = $origin) #end"
                    }
                  }
                ]
              },
              "ResourceId": {
                "Ref": "ApiGatewayResourcePing"
              },
              "RestApiId": {
                "Ref": "ApiGatewayRestApi"
              }
            }
          },
          "ApiGatewayMethodPingGet": {
            "Type": "AWS::ApiGateway::Method",
            "Properties": {
              "HttpMethod": "GET",
              "RequestParameters": {},
              "ResourceId": {
                "Ref": "ApiGatewayResourcePing"
              },
              "RestApiId": {
                "Ref": "ApiGatewayRestApi"
              },
              "ApiKeyRequired": false,
              "AuthorizationType": "NONE",
              "Integration": {
                "IntegrationHttpMethod": "POST",
                "Type": "AWS_PROXY",
                "Uri": {
                  "Fn::Join": [
                    "",
                    [
                      "arn:",
                      {
                        "Ref": "AWS::Partition"
                      },
                      ":apigateway:",
                      {
                        "Ref": "AWS::Region"
                      },
                      ":lambda:path/2015-03-31/functions/",
                      {
                        "Fn::GetAtt": [
                          "Cicd1LambdaFunction",
                          "Arn"
                        ]
                      },
                      "/invocations"
                    ]
                  ]
                }
              },
              "MethodResponses": []
            }
          },
          "ApiGatewayDeployment1562349649868": {
            "Type": "AWS::ApiGateway::Deployment",
            "Properties": {
              "RestApiId": {
                "Ref": "ApiGatewayRestApi"
              },
              "StageName": "dev"
            },
            "DependsOn": [
              "ApiGatewayMethodPingOptions",
              "ApiGatewayMethodPingGet"
            ]
          },
          "Cicd1LambdaPermissionApiGateway": {
            "Type": "AWS::Lambda::Permission",
            "Properties": {
              "FunctionName": {
                "Fn::GetAtt": [
                  "Cicd1LambdaFunction",
                  "Arn"
                ]
              },
              "Action": "lambda:InvokeFunction",
              "Principal": "apigateway.amazonaws.com",
              "SourceArn": {
                "Fn::Join": [
                  "",
                  [
                    "arn:",
                    {
                      "Ref": "AWS::Partition"
                    },
                    ":execute-api:",
                    {
                      "Ref": "AWS::Region"
                    },
                    ":",
                    {
                      "Ref": "AWS::AccountId"
                    },
                    ":",
                    {
                      "Ref": "ApiGatewayRestApi"
                    },
                    "/*/*"
                  ]
                ]
              }
            }
          }
        },
        "Outputs": {
          "ServerlessDeploymentBucketName": {
            "Value": "techsummit2019"
          },
          "Cicd1LambdaFunctionQualifiedArn": {
            "Description": "Current Lambda function version",
            "Value": {
              "Ref": "Cicd1LambdaVersionusjx8V89r7LaPhJ1naQsREFZUgkGLKFNmPgSYKilHU"
            }
          },
          "ServiceEndpoint": {
            "Description": "URL of the service endpoint",
            "Value": {
              "Fn::Join": [
                "",
                [
                  "https://",
                  {
                    "Ref": "ApiGatewayRestApi"
                  },
                  ".execute-api.",
                  {
                    "Ref": "AWS::Region"
                  },
                  ".",
                  {
                    "Ref": "AWS::URLSuffix"
                  },
                  "/dev"
                ]
              ]
            }
          }
        }
      },
      "vpc": {}
    },
    "plugins": [
      "serverless-mocha-plugin"
    ],
    "pluginsData": {},
    "functions": {
      "cicd1": {
        "handler": "handler.endpoint",
        "events": [
          {
            "http": {
              "path": "ping",
              "method": "get",
              "cors": {
                "origins": [
                  "*"
                ],
                "origin": "*",
                "methods": [
                  "OPTIONS",
                  "GET"
                ],
                "headers": [
                  "Content-Type",
                  "X-Amz-Date",
                  "Authorization",
                  "X-Api-Key",
                  "X-Amz-Security-Token",
                  "X-Amz-User-Agent"
                ],
                "allowCredentials": false
              },
              "integration": "AWS_PROXY"
            }
          }
        ],
        "name": "cicd-tdd-dev-cicd1",
        "package": {},
        "memory": 1024,
        "timeout": 6,
        "runtime": "nodejs10.x",
        "vpc": {}
      }
    },
    "layers": {},
    "artifact": "/Users/baizhenx/serverless-cicd/.serverless/cicd-tdd.zip"
  },
  "package": {
    "artifactDirectoryName": "serverless2019/cicd-tdd/dev/1562349654078-2019-07-05T18:00:54.078Z",
    "artifact": "cicd-tdd.zip"
  }
}